Ivanov I.I.,Clerk,Sales,93673
Sidorov S.S.,Manager,Sales,154441
Ivanov I.I.,Accountant,Finance,56523
Petrov P.P.,Clerk,Finance,39874
Smirnov A.A.,Director,IT,132191
Smirnov A.A.,Clerk,IT,33499
Ivanov I.I.,Analyst,Marketing,171518
Smirnov A.A.,Accountant,Marketing,60910
Ivanov I.I.,Manager,Sales,81722
Sidorov S.S.,Analyst,IT,103432
Ivanov I.I.,Accountant,HR,134017
Petrov P.P.,Analyst,Marketing,79665
Smirnov A.A.,Director,IT,107533
Kozlov B.B.,Manager,HR,63945
Kozlov B.B.,Accountant,Finance,130712
Sidorov S.S.,Accountant,Sales,133284
Kozlov B.B.,Clerk,IT,41058
Petrov P.P.,Clerk,Finance,194160
Petrov P.P.,Accountant,IT,81785
Smirnov A.A.,Manager,HR,146321
Kozlov B.B.,Manager,Sales,50746
Petrov P.P.,Clerk,IT,35846
Smirnov A.A.,Director,IT,73993
Petrov P.P.,Manager,Finance,82991
Ivanov I.I.,Accountant,Finance,122942
Sidorov S.S.,Director,Marketing,194832
Kozlov B.B.,Clerk,HR,189718
Petrov P.P.,Clerk,Sales,131645
Sidorov S.S.,Accountant,Finance,45044
Kozlov B.B.,Analyst,Marketing,37688
Sidorov S.S.,Analyst,Sales,96076
Kozlov B.B.,Analyst,Finance,170888
Petrov P.P.,Manager,Sales,77759
Ivanov I.I.,Clerk,HR,53957
Sidorov S.S.,Clerk,IT,42673
Petrov P.P.,Accountant,HR,161284
Ivanov I.I.,Clerk,IT,30938
Smirnov A.A.,Director,Sales,150168
Kozlov B.B.,Accountant,Sales,161118
Kozlov B.B.,Accountant,Sales,90940
Sidorov S.S.,Director,Marketing,176730
Petrov P.P.,Accountant,IT,86253
Smirnov A.A.,Analyst,Sales,82868
Petrov P.P.,Director,Finance,154035
Petrov P.P.,Manager,Finance,180829
Kozlov B.B.,Director,Marketing,50331
Petrov P.P.,Manager,Sales,159336
Ivanov I.I.,Manager,HR,161067
Ivanov I.I.,Manager,Sales,118866
Petrov P.P.,Accountant,Finance,34321
Sidorov S.S.,Director,Marketing,35343
Smirnov A.A.,Manager,Finance,83441
Smirnov A.A.,Analyst,IT,184289
Petrov P.P.,Director,Finance,99766
Sidorov S.S.,Accountant,Marketing,68896
Kozlov B.B.,Accountant,Sales,79258
Petrov P.P.,Clerk,Sales,188051
Sidorov S.S.,Clerk,IT,137680
Sidorov S.S.,Accountant,HR,166627
Petrov P.P.,Manager,Marketing,181738
Petrov P.P.,Clerk,IT,167267
Petrov P.P.,Accountant,Marketing,84061
Ivanov I.I.,Manager,Sales,68749
Petrov P.P.,Clerk,HR,169065
Sidorov S.S.,Manager,IT,31181
Smirnov A.A.,Analyst,Finance,100961
Petrov P.P.,Analyst,HR,50377
Petrov P.P.,Analyst,IT,190297
Sidorov S.S.,Director,Finance,118196
Petrov P.P.,Clerk,IT,91818
Smirnov A.A.,Analyst,HR,193619
Ivanov I.I.,Analyst,Sales,114533
Petrov P.P.,Accountant,Marketing,78423
Sidorov S.S.,Manager,Marketing,133628
Petrov P.P.,Analyst,IT,38751
Smirnov A.A.,Analyst,Sales,184408
Sidorov S.S.,Manager,Finance,54632
Sidorov S.S.,Analyst,Finance,197563
Petrov P.P.,Director,IT,144265
Kozlov B.B.,Director,HR,70399
Kozlov B.B.,Director,Finance,92524
Kozlov B.B.,Manager,HR,137702
Ivanov I.I.,Clerk,Sales,45349
Smirnov A.A.,Accountant,Finance,84533
Petrov P.P.,Manager,Marketing,36931
Smirnov A.A.,Accountant,HR,145188
Petrov P.P.,Analyst,Marketing,117057
Kozlov B.B.,Accountant,IT,139681
Sidorov S.S.,Analyst,HR,147461
Smirnov A.A.,Accountant,Marketing,189247
Petrov P.P.,Accountant,Sales,87982
Smirnov A.A.,Clerk,Finance,187201
Ivanov I.I.,Director,HR,73850
Sidorov S.S.,Manager,Marketing,168930
Kozlov B.B.,Analyst,HR,120042
Sidorov S.S.,Clerk,Marketing,45827
Ivanov I.I.,Director,Marketing,183074
Smirnov A.A.,Analyst,HR,87636
Kozlov B.B.,Clerk,Marketing,153414
Kozlov B.B.,Director,Finance,180807
Kozlov B.B.,Accountant,Marketing,139147
Smirnov A.A.,Clerk,Sales,57477
Petrov P.P.,Accountant,Finance,133095
Kozlov B.B.,Director,Marketing,47250
Petrov P.P.,Accountant,HR,30860
Sidorov S.S.,Director,Finance,123286
Ivanov I.I.,Analyst,Marketing,140835
Sidorov S.S.,Analyst,IT,151072
Petrov P.P.,Director,IT,85319
Smirnov A.A.,Clerk,Sales,140439
Sidorov S.S.,Manager,HR,141796
Smirnov A.A.,Analyst,Finance,45925
Sidorov S.S.,Analyst,HR,75085
Sidorov S.S.,Analyst,Marketing,195415
Sidorov S.S.,Director,Marketing,181650
Smirnov A.A.,Manager,HR,165120
Kozlov B.B.,Manager,Sales,128075
Sidorov S.S.,Director,HR,63191
Smirnov A.A.,Accountant,Finance,77732
Kozlov B.B.,Accountant,IT,139732
Petrov P.P.,Clerk,Finance,189881
Smirnov A.A.,Analyst,Marketing,185530
Petrov P.P.,Clerk,Marketing,32627
Sidorov S.S.,Clerk,Finance,102792
Ivanov I.I.,Clerk,Marketing,193818
Ivanov I.I.,Analyst,HR,80057
Sidorov S.S.,Analyst,HR,174696
Petrov P.P.,Manager,HR,58814
Kozlov B.B.,Director,Marketing,189149
Petrov P.P.,Accountant,IT,126912
Petrov P.P.,Clerk,Sales,134553
Petrov P.P.,Manager,HR,53814
Kozlov B.B.,Director,HR,179156
Smirnov A.A.,Director,IT,148495
Petrov P.P.,Analyst,Finance,91114
Petrov P.P.,Clerk,Finance,167594
Ivanov I.I.,Clerk,Sales,177405
Smirnov A.A.,Manager,IT,116929
Ivanov I.I.,Director,IT,165712
Ivanov I.I.,Director,HR,149336
Ivanov I.I.,Analyst,Marketing,181303
Sidorov S.S.,Accountant,Finance,93850
Petrov P.P.,Accountant,Sales,128309
Kozlov B.B.,Manager,IT,109153
Kozlov B.B.,Manager,Marketing,78713
Ivanov I.I.,Accountant,HR,35185
Sidorov S.S.,Analyst,HR,169844
Kozlov B.B.,Manager,HR,51600
Kozlov B.B.,Analyst,HR,160901
Kozlov B.B.,Accountant,Finance,135893
Sidorov S.S.,Manager,IT,38786
Ivanov I.I.,Director,Sales,121909
Kozlov B.B.,Clerk,IT,153438
Ivanov I.I.,Analyst,Sales,117772
Sidorov S.S.,Analyst,HR,165184
Petrov P.P.,Accountant,Sales,104626
Ivanov I.I.,Clerk,IT,34309
Smirnov A.A.,Director,Finance,172119
Kozlov B.B.,Accountant,IT,99523
Petrov P.P.,Analyst,Finance,56594
Ivanov I.I.,Director,IT,123370
Smirnov A.A.,Analyst,Marketing,142235
Smirnov A.A.,Director,Finance,192330
Smirnov A.A.,Director,Finance,124242
Sidorov S.S.,Analyst,IT,101333
Ivanov I.I.,Director,IT,90516
Ivanov I.I.,Accountant,HR,32446
Petrov P.P.,Accountant,IT,37820
Ivanov I.I.,Director,Marketing,175431
Smirnov A.A.,Accountant,IT,110611
Petrov P.P.,Manager,Marketing,113576
Smirnov A.A.,Manager,Finance,59444
Kozlov B.B.,Director,IT,97747
Petrov P.P.,Accountant,Marketing,137968
Kozlov B.B.,Director,IT,93685
Sidorov S.S.,Clerk,Finance,115534
Smirnov A.A.,Accountant,Sales,141980
Kozlov B.B.,Director,Marketing,41996
Smirnov A.A.,Manager,Marketing,34507
Smirnov A.A.,Manager,Marketing,189842
Ivanov I.I.,Director,Finance,95990
Kozlov B.B.,Manager,Marketing,107904
Kozlov B.B.,Analyst,Sales,190052
Petrov P.P.,Clerk,Sales,193405
Petrov P.P.,Accountant,HR,63285
Ivanov I.I.,Accountant,HR,47132
Petrov P.P.,Director,Sales,46055
Petrov P.P.,Analyst,Sales,42102
Petrov P.P.,Accountant,Sales,173631
Sidorov S.S.,Analyst,HR,168462
Petrov P.P.,Director,Sales,50088
Ivanov I.I.,Clerk,Marketing,136922
Kozlov B.B.,Clerk,Finance,154964
Sidorov S.S.,Accountant,Finance,77946
Sidorov S.S.,Clerk,Finance,157607
Ivanov I.I.,Manager,Sales,198389
Sidorov S.S.,Director,HR,93244
Sidorov S.S.,Clerk,Marketing,87937
Smirnov A.A.,Manager,HR,175933
Petrov P.P.,Director,Sales,157650
Sidorov S.S.,Clerk,HR,47531
Petrov P.P.,Clerk,Finance,115894
Ivanov I.I.,Clerk,HR,84409
Kozlov B.B.,Accountant,IT,96165
Petrov P.P.,Accountant,Marketing,183918
Smirnov A.A.,Clerk,Marketing,84284
Sidorov S.S.,Manager,Finance,191606
Ivanov I.I.,Manager,IT,137414
Sidorov S.S.,Analyst,Sales,79846
Kozlov B.B.,Director,HR,144330
Ivanov I.I.,Director,Sales,164571
Kozlov B.B.,Manager,Marketing,45505
Ivanov I.I.,Manager,Marketing,39785
Sidorov S.S.,Clerk,Sales,105061
Kozlov B.B.,Accountant,Sales,89656
Kozlov B.B.,Director,Sales,54309
Kozlov B.B.,Accountant,Marketing,135099
Petrov P.P.,Director,Finance,44298
Kozlov B.B.,Clerk,HR,42369
Sidorov S.S.,Accountant,IT,150063
Sidorov S.S.,Clerk,HR,44422
Kozlov B.B.,Analyst,Marketing,93627
Kozlov B.B.,Clerk,HR,168178
Petrov P.P.,Director,Finance,197623
Sidorov S.S.,Accountant,Sales,93965
Smirnov A.A.,Manager,HR,162117
Petrov P.P.,Clerk,HR,102119
Petrov P.P.,Manager,Finance,48903
Sidorov S.S.,Manager,Finance,31930
Smirnov A.A.,Accountant,Sales,39571
Smirnov A.A.,Director,Marketing,49979
Petrov P.P.,Manager,Sales,156830
Sidorov S.S.,Analyst,Finance,193572
Sidorov S.S.,Clerk,IT,78572
Kozlov B.B.,Clerk,Finance,68012
Sidorov S.S.,Clerk,Marketing,32066
Ivanov I.I.,Clerk,HR,37337
Kozlov B.B.,Clerk,Marketing,119711
Smirnov A.A.,Manager,HR,42545
Ivanov I.I.,Manager,IT,194784
Petrov P.P.,Director,HR,136999
Smirnov A.A.,Director,Marketing,107273
Smirnov A.A.,Clerk,HR,129335
Kozlov B.B.,Analyst,Marketing,37726
Petrov P.P.,Clerk,IT,191573
Petrov P.P.,Director,IT,107463
Smirnov A.A.,Accountant,IT,77155
Petrov P.P.,Analyst,HR,108830
Petrov P.P.,Accountant,HR,129223
Sidorov S.S.,Clerk,HR,195650
Petrov P.P.,Manager,IT,148689
Smirnov A.A.,Clerk,Finance,82620
Ivanov I.I.,Accountant,HR,146406
Kozlov B.B.,Clerk,IT,184860
Sidorov S.S.,Director,Finance,191469
Ivanov I.I.,Manager,Marketing,134282
Sidorov S.S.,Clerk,Marketing,188567
Sidorov S.S.,Accountant,IT,37687
Sidorov S.S.,Clerk,Sales,94000
Petrov P.P.,Accountant,Marketing,197840
Petrov P.P.,Analyst,Sales,131004
Sidorov S.S.,Clerk,Marketing,194888
Ivanov I.I.,Manager,IT,172518
Ivanov I.I.,Analyst,IT,100520
Smirnov A.A.,Clerk,IT,39584
Smirnov A.A.,Clerk,Finance,168195
Sidorov S.S.,Manager,Marketing,199431
Smirnov A.A.,Clerk,Sales,160730
Petrov P.P.,Analyst,HR,174442
Petrov P.P.,Accountant,HR,106594
Petrov P.P.,Director,HR,192191
Smirnov A.A.,Director,Marketing,68870
Petrov P.P.,Analyst,IT,135083
Sidorov S.S.,Director,IT,49305
Kozlov B.B.,Director,Finance,118454
Kozlov B.B.,Clerk,HR,118429
Ivanov I.I.,Manager,Marketing,123826
Sidorov S.S.,Manager,Sales,179034
Sidorov S.S.,Accountant,Finance,52783
Smirnov A.A.,Director,Sales,158375
Kozlov B.B.,Analyst,Marketing,149695
Kozlov B.B.,Accountant,Sales,53183
Smirnov A.A.,Manager,Sales,89601
Ivanov I.I.,Manager,Finance,96682
Sidorov S.S.,Analyst,Sales,183710
Kozlov B.B.,Director,Finance,117379
Sidorov S.S.,Director,HR,97413
Smirnov A.A.,Clerk,Sales,176604
Kozlov B.B.,Clerk,Finance,55002
Ivanov I.I.,Analyst,Sales,113661
Smirnov A.A.,Clerk,IT,108054
Petrov P.P.,Analyst,HR,113746
Petrov P.P.,Analyst,Finance,137680
Sidorov S.S.,Accountant,Finance,42897
Sidorov S.S.,Accountant,Finance,51768
Ivanov I.I.,Director,Sales,53601
Sidorov S.S.,Analyst,Sales,60920
Sidorov S.S.,Manager,Marketing,182457
Smirnov A.A.,Accountant,Marketing,143487
Kozlov B.B.,Accountant,HR,62689
Petrov P.P.,Analyst,HR,58719
Sidorov S.S.,Accountant,IT,60092
Petrov P.P.,Manager,Finance,50508
Ivanov I.I.,Analyst,Marketing,65077
Petrov P.P.,Director,HR,115582
Sidorov S.S.,Director,IT,36683
Sidorov S.S.,Accountant,Sales,136745
Petrov P.P.,Clerk,IT,178511
Kozlov B.B.,Analyst,IT,40383
Sidorov S.S.,Director,IT,167057
Sidorov S.S.,Analyst,Marketing,61369
Petrov P.P.,Manager,Marketing,92981
Sidorov S.S.,Analyst,Sales,135105
Ivanov I.I.,Director,Sales,108632
Ivanov I.I.,Analyst,IT,36236
Kozlov B.B.,Clerk,Sales,151271
Ivanov I.I.,Manager,Sales,116986
Petrov P.P.,Manager,Marketing,48219
Ivanov I.I.,Analyst,HR,120546
Ivanov I.I.,Analyst,Sales,75772
Kozlov B.B.,Analyst,Finance,33412
Sidorov S.S.,Analyst,IT,65946
Petrov P.P.,Clerk,HR,50359
Petrov P.P.,Director,Finance,130912
Sidorov S.S.,Manager,Sales,164161
Smirnov A.A.,Manager,Finance,44776
Sidorov S.S.,Director,Finance,129765
Petrov P.P.,Accountant,Finance,103383
Kozlov B.B.,Analyst,HR,78242
Petrov P.P.,Manager,Sales,139808
Petrov P.P.,Clerk,Finance,90537
Ivanov I.I.,Analyst,Marketing,132983
Petrov P.P.,Accountant,HR,47303
Kozlov B.B.,Accountant,Finance,71813
Kozlov B.B.,Analyst,IT,61717
Kozlov B.B.,Clerk,IT,59474
Ivanov I.I.,Manager,IT,43640
Kozlov B.B.,Clerk,Sales,99768
Sidorov S.S.,Analyst,Marketing,49047
Ivanov I.I.,Clerk,Marketing,194813
Sidorov S.S.,Analyst,Marketing,168905
Kozlov B.B.,Director,Sales,59051
Sidorov S.S.,Manager,Sales,187997
Kozlov B.B.,Analyst,Finance,127176
Kozlov B.B.,Accountant,HR,160816
Ivanov I.I.,Manager,Sales,85026
Sidorov S.S.,Analyst,Sales,116295
Smirnov A.A.,Director,Sales,49522
Sidorov S.S.,Manager,IT,79068
Petrov P.P.,Manager,Marketing,56242
Petrov P.P.,Accountant,Finance,120542
Sidorov S.S.,Accountant,Finance,87223
Petrov P.P.,Clerk,Finance,40773
Ivanov I.I.,Clerk,Sales,84801
Ivanov I.I.,Director,IT,73289
Sidorov S.S.,Manager,IT,159241
Smirnov A.A.,Manager,Sales,110169
Kozlov B.B.,Clerk,IT,89308
Sidorov S.S.,Clerk,Sales,171208
Kozlov B.B.,Director,Marketing,51130
Petrov P.P.,Accountant,HR,189521
Smirnov A.A.,Director,Marketing,41304
Smirnov A.A.,Clerk,IT,127662
Smirnov A.A.,Director,Marketing,53761
Kozlov B.B.,Accountant,Sales,64277
Petrov P.P.,Clerk,IT,57925
Kozlov B.B.,Manager,Sales,143085
Sidorov S.S.,Clerk,HR,91002
Sidorov S.S.,Clerk,Sales,96717
Kozlov B.B.,Analyst,Sales,104654
Sidorov S.S.,Analyst,Sales,108657
Sidorov S.S.,Manager,Finance,157096
Petrov P.P.,Clerk,HR,69476
Ivanov I.I.,Manager,Finance,95262
Sidorov S.S.,Director,HR,184103
Petrov P.P.,Clerk,Finance,49873
Smirnov A.A.,Analyst,Sales,136712
Kozlov B.B.,Director,IT,53676
Smirnov A.A.,Manager,Finance,135414
Kozlov B.B.,Director,Finance,181964
Smirnov A.A.,Analyst,Sales,55785
Ivanov I.I.,Director,Sales,72244
Smirnov A.A.,Manager,HR,35700
Smirnov A.A.,Clerk,Finance,159620
Sidorov S.S.,Clerk,IT,88155
Sidorov S.S.,Clerk,HR,48807
Sidorov S.S.,Analyst,Sales,51673
Sidorov S.S.,Accountant,Finance,165542
Smirnov A.A.,Director,Finance,68973
Sidorov S.S.,Director,IT,152408
Smirnov A.A.,Manager,Finance,147973
Kozlov B.B.,Analyst,Finance,72806
Petrov P.P.,Clerk,Marketing,60872
Sidorov S.S.,Manager,HR,129178
Smirnov A.A.,Clerk,HR,108542
Ivanov I.I.,Manager,Marketing,56070
Petrov P.P.,Director,IT,116002
Sidorov S.S.,Clerk,Sales,33078
Kozlov B.B.,Manager,IT,188463
Ivanov I.I.,Clerk,Sales,148433
Smirnov A.A.,Accountant,Sales,150233
Ivanov I.I.,Director,HR,127971
Ivanov I.I.,Director,IT,102103
Kozlov B.B.,Clerk,Marketing,188845
Petrov P.P.,Accountant,IT,106644
Ivanov I.I.,Clerk,IT,197426
Petrov P.P.,Clerk,Marketing,51193
Petrov P.P.,Manager,HR,177885
Petrov P.P.,Analyst,Sales,130518
Petrov P.P.,Analyst,Sales,39309
Smirnov A.A.,Accountant,Sales,166487
Sidorov S.S.,Analyst,IT,86696
Kozlov B.B.,Clerk,Marketing,121359
Sidorov S.S.,Analyst,Finance,88880
Sidorov S.S.,Manager,Marketing,155377
Kozlov B.B.,Manager,IT,68183
Sidorov S.S.,Accountant,HR,53946
Ivanov I.I.,Manager,IT,114724
Smirnov A.A.,Analyst,HR,185526
Petrov P.P.,Director,HR,128702
Sidorov S.S.,Director,HR,32226
Sidorov S.S.,Clerk,Marketing,60266
Kozlov B.B.,Manager,Finance,55273
Ivanov I.I.,Clerk,Finance,44509
Petrov P.P.,Manager,HR,115374
Sidorov S.S.,Director,HR,41403
Petrov P.P.,Clerk,Sales,65684
Smirnov A.A.,Accountant,Finance,64874
Kozlov B.B.,Manager,HR,36213
Petrov P.P.,Accountant,Finance,126024
Sidorov S.S.,Manager,Sales,161842
Sidorov S.S.,Manager,Finance,119148
Smirnov A.A.,Manager,Finance,98131
Petrov P.P.,Accountant,IT,56391
Smirnov A.A.,Clerk,IT,176506
Kozlov B.B.,Analyst,HR,93463
Kozlov B.B.,Manager,Finance,139482
Kozlov B.B.,Accountant,Marketing,34315
Sidorov S.S.,Director,Marketing,151717
Petrov P.P.,Analyst,Finance,34606
Sidorov S.S.,Director,IT,69283
Petrov P.P.,Accountant,Finance,33350
Kozlov B.B.,Accountant,Finance,165988
Smirnov A.A.,Analyst,Finance,140969
Kozlov B.B.,Analyst,Marketing,46905
Kozlov B.B.,Clerk,Sales,152787
Kozlov B.B.,Analyst,Marketing,171140
Sidorov S.S.,Analyst,IT,143576
Ivanov I.I.,Clerk,HR,79836
Smirnov A.A.,Accountant,Sales,32210
Ivanov I.I.,Accountant,Marketing,65341
Smirnov A.A.,Manager,Marketing,60844
Kozlov B.B.,Clerk,Sales,101643
Petrov P.P.,Analyst,Sales,168968
Petrov P.P.,Analyst,Marketing,74102
Kozlov B.B.,Analyst,IT,130352
Smirnov A.A.,Manager,HR,136107
Kozlov B.B.,Manager,HR,123849
Kozlov B.B.,Clerk,HR,80060
Ivanov I.I.,Accountant,Sales,159815
Kozlov B.B.,Manager,Finance,177642
Ivanov I.I.,Director,Finance,182076
Sidorov S.S.,Accountant,Finance,102287
Smirnov A.A.,Manager,Sales,75676
Petrov P.P.,Analyst,Finance,137693
Sidorov S.S.,Clerk,Sales,53691
Kozlov B.B.,Manager,IT,197351
Smirnov A.A.,Analyst,Sales,59186
Sidorov S.S.,Clerk,Marketing,33126
Sidorov S.S.,Manager,Marketing,50018
Sidorov S.S.,Manager,IT,76590
Smirnov A.A.,Clerk,Finance,140743
Ivanov I.I.,Accountant,IT,65092
Petrov P.P.,Clerk,HR,53271
Petrov P.P.,Manager,Sales,178564
Sidorov S.S.,Director,Sales,132089
Kozlov B.B.,Clerk,Finance,59813
Smirnov A.A.,Analyst,Finance,101192
Petrov P.P.,Accountant,Finance,118217
Ivanov I.I.,Director,Marketing,58268
Smirnov A.A.,Director,IT,44076
Kozlov B.B.,Analyst,IT,71710
Kozlov B.B.,Analyst,Finance,79078
Smirnov A.A.,Analyst,Sales,152240
Petrov P.P.,Manager,Marketing,126290
Ivanov I.I.,Clerk,Marketing,142826
Petrov P.P.,Analyst,Finance,154539
Ivanov I.I.,Analyst,Finance,35301
Kozlov B.B.,Accountant,Marketing,131165
Ivanov I.I.,Manager,Marketing,114383
Sidorov S.S.,Director,Sales,86822
Petrov P.P.,Accountant,HR,48122
Smirnov A.A.,Manager,Finance,153794
Sidorov S.S.,Manager,Finance,147030
Ivanov I.I.,Clerk,IT,71889
Kozlov B.B.,Director,IT,165903
Ivanov I.I.,Manager,IT,76265
Kozlov B.B.,Accountant,HR,91366
Smirnov A.A.,Accountant,Marketing,185946
Sidorov S.S.,Manager,Sales,191543
Kozlov B.B.,Manager,IT,61473
Smirnov A.A.,Director,Sales,178403
Smirnov A.A.,Director,Sales,167118
Kozlov B.B.,Clerk,Sales,147689
Smirnov A.A.,Manager,Marketing,72444
Ivanov I.I.,Clerk,Sales,67606
Ivanov I.I.,Accountant,Sales,190493
Kozlov B.B.,Clerk,Finance,149950
Sidorov S.S.,Manager,Finance,60698
Ivanov I.I.,Accountant,HR,185636
Ivanov I.I.,Analyst,Sales,148563
Sidorov S.S.,Clerk,IT,187150
Smirnov A.A.,Manager,Sales,190528
Sidorov S.S.,Clerk,IT,176550
Smirnov A.A.,Clerk,Finance,84248
Petrov P.P.,Manager,Sales,36291
Sidorov S.S.,Accountant,Finance,69102
Sidorov S.S.,Director,Marketing,43082
Sidorov S.S.,Director,Finance,87779
Kozlov B.B.,Analyst,Finance,41110
Smirnov A.A.,Director,Finance,121715
Sidorov S.S.,Director,Sales,84189
Kozlov B.B.,Director,Finance,180619
Sidorov S.S.,Accountant,Finance,69603
Ivanov I.I.,Accountant,Marketing,177919
Petrov P.P.,Manager,IT,178702
Ivanov I.I.,Director,Marketing,189644
Ivanov I.I.,Analyst,IT,199652
Ivanov I.I.,Manager,IT,160424
Sidorov S.S.,Director,Finance,111580
Petrov P.P.,Clerk,HR,178528
Petrov P.P.,Manager,IT,160609
Smirnov A.A.,Director,Finance,101632
Sidorov S.S.,Accountant,IT,70592
Kozlov B.B.,Analyst,HR,90286
Sidorov S.S.,Analyst,Sales,80373
Kozlov B.B.,Accountant,HR,37155
Ivanov I.I.,Manager,IT,197916
Ivanov I.I.,Director,HR,95336
Smirnov A.A.,Clerk,Marketing,67103
Sidorov S.S.,Accountant,HR,163681
Kozlov B.B.,Clerk,Marketing,100990
Kozlov B.B.,Manager,Sales,190607
Smirnov A.A.,Accountant,Marketing,134282
Sidorov S.S.,Analyst,IT,198502
Petrov P.P.,Director,Marketing,190267
Ivanov I.I.,Manager,Marketing,133317
Petrov P.P.,Accountant,IT,69214
Kozlov B.B.,Accountant,IT,67483
Kozlov B.B.,Analyst,Marketing,162532
Petrov P.P.,Clerk,Sales,39833
Sidorov S.S.,Clerk,Finance,180246
Petrov P.P.,Accountant,Finance,199137
Sidorov S.S.,Director,Finance,97362
Kozlov B.B.,Accountant,Marketing,148325
Smirnov A.A.,Analyst,Finance,168694
Ivanov I.I.,Manager,Sales,68049
Kozlov B.B.,Manager,Marketing,130801
Petrov P.P.,Clerk,Finance,45553
Sidorov S.S.,Accountant,HR,75152
Kozlov B.B.,Clerk,IT,181090
Petrov P.P.,Clerk,IT,176564
Smirnov A.A.,Manager,Marketing,141393
Petrov P.P.,Manager,HR,44788
Smirnov A.A.,Analyst,IT,93358
Sidorov S.S.,Manager,IT,152983
Ivanov I.I.,Analyst,Marketing,43778
Kozlov B.B.,Accountant,Marketing,146156
Kozlov B.B.,Manager,IT,174708
Kozlov B.B.,Manager,Finance,111701
Smirnov A.A.,Analyst,Finance,170198
Kozlov B.B.,Manager,Finance,145265
Sidorov S.S.,Clerk,Sales,75395
Petrov P.P.,Director,Marketing,165565
Ivanov I.I.,Clerk,IT,174601
Petrov P.P.,Clerk,HR,150424
Ivanov I.I.,Director,Marketing,148572
Ivanov I.I.,Director,Sales,135166
Kozlov B.B.,Clerk,Marketing,56963
Kozlov B.B.,Accountant,Finance,178216
Kozlov B.B.,Accountant,IT,170391
Kozlov B.B.,Director,HR,86971
Sidorov S.S.,Clerk,IT,57329
Petrov P.P.,Manager,Sales,171465
Ivanov I.I.,Analyst,IT,31085
Sidorov S.S.,Clerk,HR,134879
Petrov P.P.,Analyst,IT,137410
Kozlov B.B.,Manager,IT,137783
Petrov P.P.,Accountant,IT,162576
Sidorov S.S.,Manager,IT,159377
Petrov P.P.,Analyst,Marketing,193711
Smirnov A.A.,Clerk,IT,137547
Ivanov I.I.,Clerk,Sales,47427
Kozlov B.B.,Accountant,Sales,146942
Smirnov A.A.,Director,IT,81164
Sidorov S.S.,Manager,Sales,41449
Ivanov I.I.,Director,IT,88801
Kozlov B.B.,Clerk,Marketing,37776
Sidorov S.S.,Clerk,Sales,195496
Sidorov S.S.,Accountant,Sales,157443
Ivanov I.I.,Accountant,HR,158907
Petrov P.P.,Analyst,Marketing,33761
Petrov P.P.,Director,Marketing,113071
Ivanov I.I.,Manager,IT,146162
Kozlov B.B.,Clerk,Finance,76517
Kozlov B.B.,Manager,IT,102452
Kozlov B.B.,Director,Finance,57816
Kozlov B.B.,Analyst,HR,147928
Petrov P.P.,Director,Sales,44005
Kozlov B.B.,Analyst,IT,141269
Ivanov I.I.,Accountant,Marketing,191650
Kozlov B.B.,Clerk,Sales,103498
Kozlov B.B.,Director,Marketing,101355
Sidorov S.S.,Analyst,Sales,97592
Petrov P.P.,Manager,HR,197279
Smirnov A.A.,Analyst,Sales,181999
Kozlov B.B.,Accountant,HR,66228
Sidorov S.S.,Analyst,Sales,140785
Sidorov S.S.,Manager,Finance,176943
Petrov P.P.,Accountant,IT,194596
Ivanov I.I.,Director,IT,177668
Sidorov S.S.,Clerk,Finance,161059
Smirnov A.A.,Director,IT,159376
Kozlov B.B.,Accountant,HR,52312
Ivanov I.I.,Director,Marketing,186547
Ivanov I.I.,Manager,Finance,165414
Smirnov A.A.,Accountant,Finance,49942
Sidorov S.S.,Manager,HR,146548
Ivanov I.I.,Manager,HR,64089
Petrov P.P.,Manager,Sales,40915
Sidorov S.S.,Director,Finance,75729
Ivanov I.I.,Manager,Marketing,82762
Smirnov A.A.,Accountant,Finance,31975
Kozlov B.B.,Manager,HR,96725
Smirnov A.A.,Analyst,Sales,132005
Kozlov B.B.,Clerk,Sales,148149
Smirnov A.A.,Accountant,Marketing,162577
Ivanov I.I.,Accountant,Sales,111687
Sidorov S.S.,Clerk,IT,71148
Sidorov S.S.,Manager,IT,54224
Petrov P.P.,Director,HR,135088
Kozlov B.B.,Accountant,Sales,125142
Sidorov S.S.,Manager,IT,85499
Ivanov I.I.,Analyst,Marketing,44937
Petrov P.P.,Accountant,Marketing,35644
Kozlov B.B.,Accountant,HR,97478
Smirnov A.A.,Director,HR,126483
Ivanov I.I.,Analyst,Marketing,166102
Kozlov B.B.,Accountant,Sales,58472
Kozlov B.B.,Director,IT,138195
Smirnov A.A.,Clerk,Finance,35369
Petrov P.P.,Manager,Sales,38835
Kozlov B.B.,Clerk,Marketing,150542
Smirnov A.A.,Clerk,Sales,151397
Sidorov S.S.,Clerk,Sales,87707
Sidorov S.S.,Clerk,Sales,43619
Smirnov A.A.,Clerk,Finance,123092
Ivanov I.I.,Director,Finance,106895
Sidorov S.S.,Director,IT,119490
Sidorov S.S.,Accountant,Sales,43877
Sidorov S.S.,Accountant,Sales,72008
Petrov P.P.,Analyst,Sales,178206
Smirnov A.A.,Analyst,Finance,195900
Sidorov S.S.,Director,Marketing,60960
Ivanov I.I.,Manager,IT,141982
Smirnov A.A.,Director,IT,124413
Sidorov S.S.,Clerk,HR,68838
Ivanov I.I.,Director,Finance,195718
Petrov P.P.,Director,Finance,63922
Petrov P.P.,Accountant,Finance,42273
Ivanov I.I.,Manager,Marketing,73806
Sidorov S.S.,Director,Marketing,177609
Smirnov A.A.,Manager,Marketing,156262
Smirnov A.A.,Analyst,Sales,88810
Sidorov S.S.,Accountant,Finance,197903
Sidorov S.S.,Manager,Finance,177398
Petrov P.P.,Director,IT,104566
Sidorov S.S.,Clerk,Sales,112735
Smirnov A.A.,Manager,Sales,183122
Petrov P.P.,Manager,Marketing,77061
Petrov P.P.,Analyst,HR,185104
Kozlov B.B.,Director,Finance,135906
Smirnov A.A.,Accountant,HR,154631
Smirnov A.A.,Clerk,Finance,151692
Petrov P.P.,Analyst,Sales,60546
Sidorov S.S.,Accountant,Finance,195140
Sidorov S.S.,Manager,IT,175248
Sidorov S.S.,Clerk,IT,72030
Sidorov S.S.,Manager,Finance,105703
Ivanov I.I.,Manager,Sales,91070
Petrov P.P.,Analyst,Sales,57799
Kozlov B.B.,Analyst,HR,194803
Sidorov S.S.,Analyst,IT,141647
Petrov P.P.,Accountant,Finance,161493
Petrov P.P.,Manager,HR,194872
Sidorov S.S.,Accountant,Marketing,70129
Sidorov S.S.,Manager,HR,58859
Ivanov I.I.,Clerk,Sales,87291
Sidorov S.S.,Analyst,Finance,103252
Petrov P.P.,Director,Marketing,134916
Petrov P.P.,Accountant,HR,58397
Petrov P.P.,Director,Sales,36234
Smirnov A.A.,Manager,Finance,142849
Sidorov S.S.,Clerk,Sales,173511
Sidorov S.S.,Clerk,Marketing,129512
Ivanov I.I.,Accountant,Finance,64993
Ivanov I.I.,Accountant,Marketing,75858
Ivanov I.I.,Clerk,HR,120300
Petrov P.P.,Accountant,Sales,36688
Ivanov I.I.,Clerk,IT,106875
Sidorov S.S.,Manager,IT,83747
Petrov P.P.,Accountant,Sales,37067
Smirnov A.A.,Clerk,Finance,197730
Petrov P.P.,Clerk,IT,30839
Sidorov S.S.,Clerk,Marketing,138652
Sidorov S.S.,Manager,HR,107307
Sidorov S.S.,Director,HR,113105
Ivanov I.I.,Accountant,IT,53741
Kozlov B.B.,Director,IT,82349
Ivanov I.I.,Director,Sales,64315
Smirnov A.A.,Accountant,IT,194888
Petrov P.P.,Manager,IT,144344
Petrov P.P.,Accountant,Marketing,177587
Kozlov B.B.,Clerk,Sales,147748
Ivanov I.I.,Director,HR,190587
Kozlov B.B.,Director,HR,114521
Smirnov A.A.,Manager,Marketing,177716
Smirnov A.A.,Clerk,IT,35165
Smirnov A.A.,Director,Marketing,147221
Kozlov B.B.,Director,Marketing,66665
Sidorov S.S.,Director,Sales,96958
Ivanov I.I.,Director,HR,48121
Petrov P.P.,Accountant,Sales,199903
Kozlov B.B.,Manager,Marketing,196122
Ivanov I.I.,Director,Sales,178031
Ivanov I.I.,Director,HR,126394
Smirnov A.A.,Manager,Sales,179350
Sidorov S.S.,Director,Marketing,85596
Kozlov B.B.,Director,Marketing,167336
Kozlov B.B.,Manager,HR,165631
Petrov P.P.,Accountant,HR,169034
Petrov P.P.,Accountant,Sales,122565
Smirnov A.A.,Analyst,Sales,85180
Petrov P.P.,Director,Finance,97350
Sidorov S.S.,Manager,Finance,96056
Sidorov S.S.,Analyst,Finance,70383
Sidorov S.S.,Accountant,IT,68636
Smirnov A.A.,Director,IT,132588
Sidorov S.S.,Manager,Sales,135315
Kozlov B.B.,Clerk,Finance,94564
Kozlov B.B.,Manager,Marketing,118245
Ivanov I.I.,Analyst,Marketing,34359
Sidorov S.S.,Analyst,IT,94634
Sidorov S.S.,Manager,HR,128631
Sidorov S.S.,Director,HR,133345
Smirnov A.A.,Director,Sales,168210
Kozlov B.B.,Accountant,Finance,192442
Kozlov B.B.,Accountant,Finance,63282
Kozlov B.B.,Clerk,IT,140072
Petrov P.P.,Clerk,Sales,71392
Sidorov S.S.,Clerk,IT,40245
Ivanov I.I.,Accountant,IT,89777
Sidorov S.S.,Analyst,Sales,112599
Kozlov B.B.,Analyst,Sales,78429
Sidorov S.S.,Manager,Finance,166517
Smirnov A.A.,Director,IT,82923
Kozlov B.B.,Analyst,HR,151748
Sidorov S.S.,Accountant,Marketing,100304
Kozlov B.B.,Director,IT,60796
Ivanov I.I.,Manager,Sales,60845
Smirnov A.A.,Accountant,HR,150540
Kozlov B.B.,Analyst,IT,126445
Ivanov I.I.,Manager,Finance,193700
Petrov P.P.,Manager,Marketing,167021
Ivanov I.I.,Director,Finance,37380
Smirnov A.A.,Director,IT,191741
Sidorov S.S.,Clerk,Finance,169264
Smirnov A.A.,Analyst,Sales,68774
Petrov P.P.,Manager,IT,133868
Smirnov A.A.,Clerk,Marketing,172779
Petrov P.P.,Analyst,Finance,90082
Smirnov A.A.,Analyst,HR,162692
Smirnov A.A.,Manager,Marketing,169847
Smirnov A.A.,Accountant,Marketing,143485
Sidorov S.S.,Manager,IT,136058
Petrov P.P.,Accountant,IT,129725
Sidorov S.S.,Clerk,Marketing,155271
Ivanov I.I.,Accountant,Finance,66846
Petrov P.P.,Director,HR,34018
Smirnov A.A.,Manager,HR,133208
Smirnov A.A.,Analyst,HR,69431
Ivanov I.I.,Manager,IT,131063
Sidorov S.S.,Accountant,HR,197926
Sidorov S.S.,Manager,Sales,148176
Smirnov A.A.,Director,Finance,102795
Petrov P.P.,Clerk,IT,147716
Smirnov A.A.,Accountant,Marketing,51827
Kozlov B.B.,Manager,HR,153140
Petrov P.P.,Accountant,Sales,76608
Sidorov S.S.,Clerk,Sales,44562
Petrov P.P.,Analyst,Finance,62618
Smirnov A.A.,Analyst,HR,68532
Kozlov B.B.,Manager,Finance,41802
Ivanov I.I.,Clerk,Sales,41494
Petrov P.P.,Manager,Sales,69731
Smirnov A.A.,Director,Finance,179616
Sidorov S.S.,Analyst,HR,120604
Ivanov I.I.,Director,IT,86611
Petrov P.P.,Director,HR,199007
Sidorov S.S.,Director,Marketing,124825
Sidorov S.S.,Accountant,HR,109086
Kozlov B.B.,Clerk,IT,125592
Smirnov A.A.,Director,Sales,59802
Sidorov S.S.,Manager,IT,64159
Kozlov B.B.,Manager,Finance,46435
Petrov P.P.,Analyst,IT,158550
Sidorov S.S.,Director,Marketing,143037
Ivanov I.I.,Analyst,HR,187623
Ivanov I.I.,Accountant,Marketing,97885
Smirnov A.A.,Clerk,Sales,198725
Smirnov A.A.,Clerk,HR,121794
Petrov P.P.,Director,IT,118564
Kozlov B.B.,Director,Sales,45151
Sidorov S.S.,Clerk,Sales,51711
Ivanov I.I.,Director,IT,162947
Petrov P.P.,Analyst,IT,36147
Petrov P.P.,Analyst,HR,74730
Petrov P.P.,Clerk,HR,44899
Kozlov B.B.,Analyst,Finance,124148
Kozlov B.B.,Manager,HR,97488
Ivanov I.I.,Manager,Marketing,132103
Sidorov S.S.,Manager,Sales,186299
Petrov P.P.,Clerk,Finance,198670
Petrov P.P.,Clerk,Finance,65447
Smirnov A.A.,Clerk,Finance,49782
Sidorov S.S.,Clerk,Sales,94707
Ivanov I.I.,Clerk,Sales,177572
Kozlov B.B.,Analyst,HR,164307
Ivanov I.I.,Manager,HR,43756
Petrov P.P.,Director,IT,59499
Sidorov S.S.,Clerk,Marketing,88838
Sidorov S.S.,Clerk,Marketing,138967
Petrov P.P.,Clerk,Finance,52529
Ivanov I.I.,Manager,Sales,186871
Kozlov B.B.,Director,Marketing,133065
Kozlov B.B.,Manager,HR,59723
Smirnov A.A.,Accountant,Marketing,97774
Sidorov S.S.,Accountant,IT,92482
Petrov P.P.,Accountant,Finance,34388
Smirnov A.A.,Manager,IT,193732
Sidorov S.S.,Manager,IT,194193
Kozlov B.B.,Manager,Marketing,83009
Kozlov B.B.,Accountant,HR,104718
Ivanov I.I.,Analyst,IT,138942
Petrov P.P.,Director,Sales,135332
Sidorov S.S.,Accountant,HR,55844
Petrov P.P.,Manager,IT,162732
Smirnov A.A.,Clerk,Finance,39888
Petrov P.P.,Director,Sales,39822
Ivanov I.I.,Analyst,Finance,197228
Smirnov A.A.,Accountant,IT,54182
Ivanov I.I.,Accountant,HR,81557
Smirnov A.A.,Accountant,Sales,147669
Petrov P.P.,Clerk,Sales,116603
Petrov P.P.,Director,HR,168377
Smirnov A.A.,Director,IT,82064
Smirnov A.A.,Manager,Marketing,119598
Sidorov S.S.,Clerk,Sales,52221
Petrov P.P.,Accountant,Sales,106464
Sidorov S.S.,Manager,Finance,92520
Petrov P.P.,Director,IT,170684
Petrov P.P.,Accountant,Marketing,160784
Sidorov S.S.,Manager,IT,100747
Sidorov S.S.,Analyst,Sales,33262
Ivanov I.I.,Accountant,Sales,159251
Petrov P.P.,Analyst,Sales,121004
Smirnov A.A.,Analyst,Marketing,32060
Ivanov I.I.,Clerk,IT,195901
Petrov P.P.,Manager,IT,193131
Smirnov A.A.,Manager,HR,48655
Petrov P.P.,Clerk,Finance,107245
Ivanov I.I.,Manager,IT,46674
Petrov P.P.,Analyst,Marketing,55508
Kozlov B.B.,Manager,Sales,155353
Kozlov B.B.,Analyst,Sales,93902
Kozlov B.B.,Director,HR,108107
Ivanov I.I.,Clerk,IT,181657
Kozlov B.B.,Analyst,Sales,163776
Ivanov I.I.,Manager,Marketing,146985
Kozlov B.B.,Clerk,HR,73294
Smirnov A.A.,Clerk,HR,36532
Sidorov S.S.,Director,Marketing,108452
Sidorov S.S.,Clerk,HR,142092
Kozlov B.B.,Director,HR,138236
Kozlov B.B.,Manager,Finance,41331
Kozlov B.B.,Director,IT,55529
Ivanov I.I.,Director,Finance,117079
Smirnov A.A.,Accountant,IT,37084
Kozlov B.B.,Accountant,Sales,151777
Ivanov I.I.,Accountant,IT,42113
Petrov P.P.,Director,Finance,192608
Kozlov B.B.,Analyst,Finance,90053
Kozlov B.B.,Director,Marketing,89450
Petrov P.P.,Accountant,Sales,142435
Sidorov S.S.,Accountant,Finance,59599
Ivanov I.I.,Director,Marketing,142253
Ivanov I.I.,Accountant,Finance,75058
Kozlov B.B.,Clerk,Finance,43969
Petrov P.P.,Director,Sales,80226
Smirnov A.A.,Analyst,Marketing,136194
Petrov P.P.,Accountant,IT,64967
Ivanov I.I.,Director,HR,134554
Sidorov S.S.,Manager,Marketing,139465
Petrov P.P.,Clerk,Marketing,37131
Sidorov S.S.,Analyst,IT,165784
Sidorov S.S.,Director,IT,196598
Sidorov S.S.,Director,Marketing,129013
Ivanov I.I.,Director,Sales,168003
Ivanov I.I.,Analyst,IT,51776
Ivanov I.I.,Analyst,Finance,187777
Sidorov S.S.,Manager,HR,93269
Ivanov I.I.,Director,HR,104700
Kozlov B.B.,Analyst,HR,190326
Sidorov S.S.,Accountant,Sales,50655
Kozlov B.B.,Director,IT,180780
Petrov P.P.,Clerk,Sales,78605
Petrov P.P.,Clerk,Marketing,176435
Smirnov A.A.,Analyst,Finance,186220
Kozlov B.B.,Manager,HR,158359
Sidorov S.S.,Director,Sales,173142
Ivanov I.I.,Director,IT,161998
Smirnov A.A.,Manager,HR,60163
Sidorov S.S.,Clerk,HR,197397
Ivanov I.I.,Accountant,Sales,37339
Ivanov I.I.,Director,Sales,52394
Sidorov S.S.,Analyst,Marketing,169026
Petrov P.P.,Clerk,IT,115996
Smirnov A.A.,Manager,Finance,154578
Smirnov A.A.,Manager,Sales,130361
Ivanov I.I.,Manager,IT,80584
Sidorov S.S.,Clerk,IT,147112
Sidorov S.S.,Director,Marketing,138171
Sidorov S.S.,Manager,IT,57212
Smirnov A.A.,Analyst,Marketing,31586
Petrov P.P.,Clerk,Marketing,153501
Kozlov B.B.,Manager,IT,46860
Petrov P.P.,Analyst,Sales,166014
Kozlov B.B.,Director,Sales,124366
Smirnov A.A.,Accountant,Sales,134719
Sidorov S.S.,Director,HR,90416
Kozlov B.B.,Accountant,Finance,124220
Kozlov B.B.,Accountant,Marketing,159371
Smirnov A.A.,Analyst,IT,156777
Smirnov A.A.,Analyst,Sales,192875
Kozlov B.B.,Accountant,Sales,85579
Sidorov S.S.,Clerk,Finance,81953
Petrov P.P.,Analyst,IT,199380
Smirnov A.A.,Director,Sales,106265
Ivanov I.I.,Manager,HR,180656
Ivanov I.I.,Manager,Sales,96560
Ivanov I.I.,Accountant,IT,148257
Ivanov I.I.,Analyst,IT,135332
Sidorov S.S.,Accountant,HR,165016
Sidorov S.S.,Manager,Marketing,129996
Ivanov I.I.,Accountant,Sales,139197
Smirnov A.A.,Manager,HR,128599
Sidorov S.S.,Director,IT,125314
Smirnov A.A.,Clerk,Finance,145001
Petrov P.P.,Clerk,IT,75870
Ivanov I.I.,Accountant,Sales,114705
Smirnov A.A.,Analyst,Sales,39953
Petrov P.P.,Director,Marketing,163435
Sidorov S.S.,Manager,Marketing,164067
Ivanov I.I.,Accountant,HR,104835
Petrov P.P.,Manager,Sales,85793
Ivanov I.I.,Analyst,HR,45062
Smirnov A.A.,Director,Marketing,131700
Petrov P.P.,Clerk,Sales,199722
Smirnov A.A.,Manager,IT,139238
Ivanov I.I.,Director,Finance,138152
Kozlov B.B.,Manager,Sales,50117
Smirnov A.A.,Analyst,Sales,172769
Petrov P.P.,Manager,Marketing,127220
Kozlov B.B.,Analyst,Finance,61361
Smirnov A.A.,Accountant,IT,86868
Sidorov S.S.,Clerk,Finance,34112
Kozlov B.B.,Manager,Sales,76422
Ivanov I.I.,Clerk,Sales,80784
Petrov P.P.,Manager,Marketing,74081
Sidorov S.S.,Clerk,HR,178367
Sidorov S.S.,Clerk,Finance,61637
Smirnov A.A.,Manager,Marketing,107893
Ivanov I.I.,Accountant,Sales,52692
Kozlov B.B.,Manager,Marketing,153752
Ivanov I.I.,Director,Sales,104266
Petrov P.P.,Accountant,IT,160139
Petrov P.P.,Accountant,IT,133740
Sidorov S.S.,Director,Marketing,157736
Petrov P.P.,Accountant,IT,192627
Ivanov I.I.,Analyst,IT,39699
