Ivanov B.C.,Clerk,Finance,65573
Ivanov K.V.,Director,Finance,50467
Ivanov M.H.,Analyst,Finance,63829
Ivanov M.P.,Director,Finance,60808
Ivanov Q.P.,Analyst,Finance,51655
Kozlov A.U.,Manager,Finance,73622
Kozlov D.Q.,Clerk,Finance,70159
Petrov B.H.,Manager,Finance,73271
Petrov D.C.,Manager,Finance,60112
Petrov L.F.,Director,Finance,68651
Sidorov B.N.,Director,Finance,52483
Sidorov F.A.,Analyst,Finance,74389
Sidorov G.G.,Accountant,Finance,54414
Sidorov L.J.,Manager,Finance,62287
Sidorov M.W.,Manager,Finance,81286
Smirnov D.Z.,Manager,Finance,54099
Smirnov G.X.,Director,Finance,77644
Smirnov I.E.,Director,Finance,63985
Smirnov K.N.,Director,Finance,52421
Smirnov L.N.,Director,Finance,74464
Smirnov S.H.,Director,Finance,59905
Smirnov Y.L.,Accountant,Finance,70416
Ivanov C.U.,Clerk,HR,58313
Ivanov E.I.,Director,HR,61511
Ivanov P.P.,Analyst,HR,80771
Ivanov U.N.,Director,HR,75760
Ivanov Y.G.,Clerk,HR,62052
Kozlov L.Q.,Clerk,HR,59512
Kozlov M.Q.,Accountant,HR,71694
Kozlov P.K.,Manager,HR,79855
Kozlov Z.K.,Clerk,HR,61323
Petrov F.D.,Clerk,HR,70222
Petrov F.I.,Manager,HR,50491
Petrov L.F.,Clerk,HR,53430
Petrov V.P.,Accountant,HR,68636
Petrov V.W.,Accountant,HR,57376
Petrov X.T.,Analyst,HR,62263
Sidorov C.X.,Analyst,HR,64604
Sidorov H.W.,Analyst,HR,63030
Sidorov K.F.,Manager,HR,68716
Sidorov O.W.,Accountant,HR,80836
Sidorov X.W.,Analyst,HR,61538
Smirnov M.G.,Analyst,HR,69558
Smirnov O.O.,Analyst,HR,78745
Smirnov O.X.,Accountant,HR,73216
Ivanov E.F.,Clerk,IT,65350
Ivanov I.J.,Analyst,IT,54757
Ivanov R.S.,Accountant,IT,63694
Petrov C.Y.,Accountant,IT,51842
Petrov K.D.,Clerk,IT,66423
Petrov O.W.,Clerk,IT,82356
Sidorov N.Q.,Director,IT,62938
Sidorov P.S.,Analyst,IT,53487
Sidorov Z.V.,Clerk,IT,59894
Smirnov B.F.,Manager,IT,77593
Smirnov C.B.,Accountant,IT,64924
Smirnov C.D.,Clerk,IT,79657
Smirnov L.E.,Director,IT,63007
Smirnov S.B.,Manager,IT,75734
Ivanov C.M.,Director,Marketing,70142
Ivanov O.E.,Accountant,Marketing,58260
Ivanov P.Y.,Clerk,Marketing,59758
Ivanov Q.P.,Manager,Marketing,72648
Ivanov V.Y.,Manager,Marketing,81928
Ivanov W.N.,Clerk,Marketing,81556
Kozlov H.R.,Clerk,Marketing,66972
Kozlov N.U.,Director,Marketing,82609
Kozlov P.S.,Director,Marketing,59930
Petrov H.U.,Manager,Marketing,76500
Sidorov C.B.,Clerk,Marketing,67437
Sidorov H.D.,Manager,Marketing,52154
Smirnov D.W.,Director,Marketing,62423
Smirnov H.F.,Clerk,Marketing,57616
Smirnov I.M.,Director,Marketing,62623
Smirnov S.R.,Clerk,Marketing,73152
Smirnov X.T.,Manager,Marketing,66541
Ivanov G.B.,Accountant,Sales,60466
Ivanov J.O.,Director,Sales,77384
Ivanov L.Y.,Analyst,Sales,65281
Ivanov X.P.,Analyst,Sales,74129
Ivanov Z.B.,Accountant,Sales,64343
Ivanov Z.Y.,Accountant,Sales,76869
Kozlov J.L.,Manager,Sales,56483
Kozlov Q.O.,Director,Sales,75200
Petrov B.Z.,Clerk,Sales,78692
Petrov C.O.,Clerk,Sales,51999
Petrov J.E.,Analyst,Sales,72593
Petrov M.S.,Analyst,Sales,73199
Petrov O.N.,Manager,Sales,72758
Sidorov J.P.,Director,Sales,54664
Sidorov P.E.,Manager,Sales,58177
Sidorov P.W.,Director,Sales,64887
Sidorov R.T.,Accountant,Sales,81426
Sidorov T.B.,Manager,Sales,74596
Sidorov V.Y.,Clerk,Sales,59741
Sidorov W.Y.,Accountant,Sales,80974
Sidorov Y.A.,Clerk,Sales,70024
Sidorov Y.Y.,Accountant,Sales,72646
Smirnov J.L.,Clerk,Sales,79972
Smirnov N.K.,Clerk,Sales,62760
